artist,song_titles_still_unverified,reason
Al Green,Tired of Being Alone; Simply Beautiful,"no_confident_match (scraped 11 songs, matched 2/4)"
Alan Jackson,Little Bitty,"no_confident_match (scraped 52 songs, matched 5/6)"
Andraé Crouch,My Tribute (To God Be the Glory); Through It All,"no_confident_match (scraped 32 songs, matched 2/4)"
Andy Williams,Moon River,"no_confident_match (scraped 26 songs, matched 0/1)"
Arlo Guthrie,City of New Orleans,"no_confident_match (scraped 2 songs, matched 0/1)"
Beauty and the Beast,If I Can't Love Her,"no_confident_match (scraped 6 songs, matched 1/2)"
Bill Gaither,He Touched Me,"no_confident_match (scraped 11 songs, matched 0/1)"
Billy Joel,Movin' Out (Anthony's Song),"no_confident_match (scraped 98 songs, matched 7/8)"
Bob Dylan,To Ramona,"no_confident_match (scraped 100 songs, matched 9/10)"
Bob Seger,Old Time Rock and Roll; Night Moves; Against the Wind,"no_confident_match (scraped 19 songs, matched 2/5)"
Brooks & Dunn,My Maria,"no_confident_match (scraped 30 songs, matched 5/6)"
Bryan & Katie Torwalt,Holy Spirit,"no_confident_match (scraped 6 songs, matched 0/1)"
Cinderella,Ten Minutes Ago; Impossible,"no_confident_match (scraped 5 songs, matched 0/2)"
David Ball,Riding with Private Malone,"no_confident_match (scraped 2 songs, matched 0/1)"
Dean Martin,Sway,"no_confident_match (scraped 44 songs, matched 3/4)"
Dear Evan Hansen,"Sincerely, Me","no_confident_match (scraped 6 songs, matched 3/4)"
Don McLean,Vincent,"no_confident_match (scraped 20 songs, matched 1/2)"
Eddie Vedder,Society,"no_confident_match (scraped 2 songs, matched 0/1)"
Eric Clapton,Layla (Acoustic),"no_confident_match (scraped 87 songs, matched 4/5)"
Fiddler on the Roof,Do You Love Me?; To Life (L'Chaim),"no_confident_match (scraped 10 songs, matched 3/5)"
Frank Sinatra,The Way You Look Tonight; Someone to Watch Over Me; I've Got You Under My Skin; The Lady Is a Tramp; The Best Is Yet to Come; South of the Border,"no_confident_match (scraped 171 songs, matched 18/25)"
Garth Brooks,To Make You Feel My Love; Callin' Baton Rouge; Standing Outside the Fire; Much Too Young (to Feel This Damn Old),"no_confident_match (scraped 55 songs, matched 6/10)"
George Strait,Amarillo by Morning,"no_confident_match (scraped 50 songs, matched 6/7)"
Guys and Dolls,I've Never Been in Love Before,"no_confident_match (scraped 12 songs, matched 3/4)"
Hank Williams,"I'm So Lonesome I Could Cry; Cold, Cold Heart","no_confident_match (scraped 53 songs, matched 3/5)"
Hoagy Carmichael,Stardust; Skylark,"no_confident_match (scraped 8 songs, matched 0/2)"
Into the Woods,Agony,"no_confident_match (scraped 12 songs, matched 1/2)"
James Ingram,Just Once,"no_confident_match (scraped 4 songs, matched 0/1)"
Jekyll & Hyde,Confrontation,"no_confident_match (scraped 15 songs, matched 1/2)"
Jesus Culture,Ancient of Days,"no_confident_match (scraped 31 songs, matched 0/1)"
Jim Croce,Operator,"no_confident_match (scraped 27 songs, matched 1/2)"
Kari Jobe,Forever (We Sing Hallelujah),"no_confident_match (scraped 58 songs, matched 0/1)"
Keith & Kristyn Getty,In Christ Alone,"no_confident_match (scraped 6 songs, matched 0/1)"
Les Misérables,Dog Eat Dog; The Confrontation,"no_confident_match (scraped 27 songs, matched 5/7)"
Little Shop of Horrors,Skid Row (Downtown),"no_confident_match (scraped 19 songs, matched 2/3)"
Luther Vandross,If Only for One Night; A House Is Not a Home,"no_confident_match (scraped 12 songs, matched 3/5)"
Maroon 5,Payphone,"no_confident_match (scraped 79 songs, matched 5/6)"
Marvin Gaye,Mercy Mercy Me (The Ecology); Inner City Blues,"no_confident_match (scraped 14 songs, matched 4/6)"
Mr. Mister,Kyrie,"no_confident_match (scraped 2 songs, matched 1/2)"
Nat King Cole,Smile,"no_confident_match (scraped 60 songs, matched 10/11)"
Oklahoma!,Poor Jud is Daid,"no_confident_match (scraped 21 songs, matched 3/4)"
Pete Seeger,If I Had a Hammer; Where Have All the Flowers Gone,"no_confident_match (scraped 5 songs, matched 0/2)"
Phil Wickham,This Is Amazing Grace,"no_confident_match (scraped 25 songs, matched 1/2)"
Queen,Bohemian Rhapsody (ballad section),"no_confident_match (scraped 66 songs, matched 0/1)"
Richard Smallwood,Total Praise,"no_confident_match (scraped 28 songs, matched 0/1)"
Rick Founds,"Lord, I Lift Your Name on High","no_confident_match (scraped 2 songs, matched 0/1)"
Singin' in the Rain,Singin' in the Rain,"no_confident_match (scraped 6 songs, matched 2/3)"
Stuart Hamblen,It Is No Secret,"no_confident_match (scraped 3 songs, matched 0/1)"
The Band,It Makes No Difference; Acadian Driftwood,"no_confident_match (scraped 8 songs, matched 4/6)"
The Beatles,Norwegian Wood,"no_confident_match (scraped 234 songs, matched 6/7)"
The Byrds,Turn! Turn! Turn!; Mr. Tambourine Man,"no_confident_match (scraped 6 songs, matched 0/2)"
The Greatest Showman,The Other Side,"no_confident_match (scraped 9 songs, matched 2/3)"
The Lion King,He Lives in You,"no_confident_match (scraped 7 songs, matched 2/3)"
The Music Man,Ya Got Trouble; Rock Island,"no_confident_match (scraped 14 songs, matched 2/4)"
The O'Jays,Backstabbers,"no_confident_match (scraped 3 songs, matched 2/3)"
The Oak Ridge Boys,Bobbie Sue,"no_confident_match (scraped 19 songs, matched 1/2)"
The Spinners,Could It Be I'm Falling in Love,"no_confident_match (scraped 4 songs, matched 2/3)"
The Stylistics,You Are Everything,"no_confident_match (scraped 6 songs, matched 1/2)"
Tim McGraw & Faith Hill,It's Your Love,"no_confident_match (scraped 2 songs, matched 0/1)"
Townes Van Zandt,Pancho and Lefty,"no_confident_match (scraped 3 songs, matched 2/3)"
West Side Story,"Gee, Officer Krupke; Cool","no_confident_match (scraped 9 songs, matched 4/6)"
Buffy Sainte-Marie,Universal Soldier,fetch_failed_all_variants
"Crosby, Stills & Nash",Wooden Ships,"no_confident_match after retry (scraped 17 songs, matched 4/5)"
Death Cab for Cutie,I Will Follow You into the Dark,fetch_failed_all_variants
Fats Waller,Ain't Misbehavin',fetch_failed_all_variants
Hamilton,Wait for It,fetch_failed_all_variants
Harold Melvin & the Blue Notes,If You Don't Know Me by Now; Wake Up Everybody,"no_confident_match after retry (scraped 3 songs, matched 0/2)"
Ian & Sylvia / Neil Young,Four Strong Winds,fetch_failed_all_variants
Jack Hayford,Majesty,fetch_failed_all_variants
John Mark McMillan,King of My Heart,fetch_failed_all_variants
Martin Nystrom,As the Deer,fetch_failed_all_variants
Marvin Gaye & Tammi Terrell,You're All I Need to Get By,"no_confident_match after retry (scraped 14 songs, matched 1/2)"
Old Crow Medicine Show,Wagon Wheel,fetch_failed_all_variants
"Peter, Paul and Mary",500 Miles,"no_confident_match after retry (scraped 51 songs, matched 2/3)"
"Stop the World, I Want to Get Off",What Kind of Fool Am I,fetch_failed_all_variants
Tom Rush,The Circle Game; Urge for Going; No Regrets,fetch_failed_all_variants
