title,artist,old_low,old_high,new_low,new_high,source_url
What I Did for Love,A Chorus Line,C3,D4,B3,C#5,https://singingcarrots.com/artist-range?artist=A%20Chorus%20Line
Comedy Tonight,A Funny Thing Happened on the Way to the Forum,C3,D4,A2,E4,https://singingcarrots.com/artist-range?artist=A%20Funny%20Thing%20Happened%20on%20the%20Way%20to%20the%20Forum
Free,A Funny Thing Happened on the Way to the Forum,C3,D4,B2,F4,https://singingcarrots.com/artist-range?artist=A%20Funny%20Thing%20Happened%20on%20the%20Way%20to%20the%20Forum
Say Something,A Great Big World,A2,D4,D3,F#4,https://singingcarrots.com/artist-range?artist=A%20Great%20Big%20World
Someone Like You,Adele,A2,D4,G3,G5,https://singingcarrots.com/artist-range?artist=Adele
Let's Stay Together,Al Green,A2,D4,E3,A4,https://singingcarrots.com/artist-range?artist=Al%20Green
Love and Happiness,Al Green,G2,D4,F3,A#4,https://singingcarrots.com/artist-range?artist=Al%20Green
Remember When,Alan Jackson,G2,C4,D3,C#4,https://singingcarrots.com/artist-range?artist=Alan%20Jackson
Chattahoochee,Alan Jackson,G2,C4,C3,D4,https://singingcarrots.com/artist-range?artist=Alan%20Jackson
Where Were You (When the World Stopped Turning),Alan Jackson,G2,C4,A2,C4,https://singingcarrots.com/artist-range?artist=Alan%20Jackson
Don't Rock the Jukebox,Alan Jackson,G2,C4,C3,E4,https://singingcarrots.com/artist-range?artist=Alan%20Jackson
Gone Country,Alan Jackson,G2,C4,B2,F#4,https://singingcarrots.com/artist-range?artist=Alan%20Jackson
It's Five O'Clock Somewhere,Alan Jackson & Jimmy Buffett,G2,C4,A3,D5,https://singingcarrots.com/artist-range?artist=Alan%20Jackson%20%26%20Jimmy%20Buffett
Great Are You Lord,All Sons & Daughters,G2,C4,C4,D5,https://singingcarrots.com/artist-range?artist=All%20Sons%20%26%20Daughters
Soon and Very Soon,Andraé Crouch,G2,D4,D#3,D4,https://singingcarrots.com/artist-range?artist=Andra%C3%A9%20Crouch
Jesus Is the Answer,Andraé Crouch,G2,D4,A2,B3,https://singingcarrots.com/artist-range?artist=Andra%C3%A9%20Crouch
Wake Me Up,Avicii,A2,D4,D3,A4,https://singingcarrots.com/artist-range?artist=Avicii
The Nights,Avicii,A2,D4,E3,F#4,https://singingcarrots.com/artist-range?artist=Avicii
Hey Brother,Avicii,A2,D4,A#2,A4,https://singingcarrots.com/artist-range?artist=Avicii
Gaston,Beauty and the Beast,C3,D4,B3,E5,https://singingcarrots.com/artist-range?artist=Beauty%20and%20the%20Beast
Stand By Me,Ben E. King,A2,D4,F3,F4,https://singingcarrots.com/artist-range?artist=Ben%20E.%20King
No Longer Slaves,Bethel Music,G2,D4,A3,C5,https://singingcarrots.com/artist-range?artist=Bethel%20Music
Goodness of God,Bethel Music,G2,E4,C4,G5,https://singingcarrots.com/artist-range?artist=Bethel%20Music
Raise a Hallelujah,Bethel Music,G2,F4,A3,D5,https://singingcarrots.com/artist-range?artist=Bethel%20Music
Because He Lives,Bill & Gloria Gaither,G2,D4,A4,C6,https://singingcarrots.com/artist-range?artist=Bill%20%26%20Gloria%20Gaither
There's Something About That Name,Bill & Gloria Gaither,G2,D4,F4,D5,https://singingcarrots.com/artist-range?artist=Bill%20%26%20Gloria%20Gaither
Lovely Day,Bill Withers,G2,D4,B2,E4,https://singingcarrots.com/artist-range?artist=Bill%20Withers
Ain't No Sunshine,Bill Withers,A2,D4,E3,G4,https://singingcarrots.com/artist-range?artist=Bill%20Withers
Lean on Me,Bill Withers,G2,C4,B2,E4,https://singingcarrots.com/artist-range?artist=Bill%20Withers
Grandma's Hands,Bill Withers,G2,D4,B2,D4,https://singingcarrots.com/artist-range?artist=Bill%20Withers
Use Me,Bill Withers,G2,C4,C#3,G4,https://singingcarrots.com/artist-range?artist=Bill%20Withers
Just the Way You Are,Billy Joel,G2,C4,A#1,G3,https://singingcarrots.com/artist-range?artist=Billy%20Joel
Piano Man,Billy Joel,A2,G4,A2,G4,https://singingcarrots.com/artist-range?artist=Billy%20Joel
Vienna,Billy Joel,D#3,G4,D#3,G4,https://singingcarrots.com/artist-range?artist=Billy%20Joel
Uptown Girl,Billy Joel,A2,D4,G#3,B4,https://singingcarrots.com/artist-range?artist=Billy%20Joel
My Life,Billy Joel,A2,D4,D3,G4,https://singingcarrots.com/artist-range?artist=Billy%20Joel
She's Always a Woman,Billy Joel,G2,C4,D3,G#4,https://singingcarrots.com/artist-range?artist=Billy%20Joel
Honesty,Billy Joel,A#2,A4,A#2,A4,https://singingcarrots.com/artist-range?artist=Billy%20Joel
Me and Mrs. Jones,Billy Paul,G2,D4,G3,G4,https://singingcarrots.com/artist-range?artist=Billy%20Paul
Achy Breaky Heart,Billy Ray Cyrus,G2,C4,E4,C#5,https://singingcarrots.com/artist-range?artist=Billy%20Ray%20Cyrus
Girl from the North Country,Bob Dylan,G2,C4,A2,D5,https://singingcarrots.com/artist-range?artist=Bob%20Dylan
Knockin' on Heaven's Door,Bob Dylan,G2,C4,D3,D4,https://singingcarrots.com/artist-range?artist=Bob%20Dylan
Blowin' in the Wind,Bob Dylan,A2,D4,B2,A3,https://singingcarrots.com/artist-range?artist=Bob%20Dylan
The Times They Are A-Changin',Bob Dylan,G2,C4,G3,D4,https://singingcarrots.com/artist-range?artist=Bob%20Dylan
Tangled Up in Blue,Bob Dylan,G2,C4,D3,D4,https://singingcarrots.com/artist-range?artist=Bob%20Dylan
Shelter from the Storm,Bob Dylan,G2,C4,C3,C4,https://singingcarrots.com/artist-range?artist=Bob%20Dylan
Simple Twist of Fate,Bob Dylan,G2,C4,C3,E4,https://singingcarrots.com/artist-range?artist=Bob%20Dylan
Forever Young,Bob Dylan,G2,C4,A2,A4,https://singingcarrots.com/artist-range?artist=Bob%20Dylan
"Don't Think Twice, It's All Right",Bob Dylan,G2,C4,E3,C#5,https://singingcarrots.com/artist-range?artist=Bob%20Dylan
Bind Us Together,Bob Gillman,G2,D4,F3,C4,https://singingcarrots.com/artist-range?artist=Bob%20Gillman
"No Woman, No Cry",Bob Marley,G2,C4,A2,A4,https://singingcarrots.com/artist-range?artist=Bob%20Marley
Three Little Birds,Bob Marley,G2,C4,A3,A4,https://singingcarrots.com/artist-range?artist=Bob%20Marley
Redemption Song,Bob Marley,G2,C4,G3,G4,https://singingcarrots.com/artist-range?artist=Bob%20Marley
Stir It Up,Bob Marley,G2,C4,C3,E4,https://singingcarrots.com/artist-range?artist=Bob%20Marley
Turn the Page,Bob Seger,G2,D4,D3,G4,https://singingcarrots.com/artist-range?artist=Bob%20Seger
Mainstreet,Bob Seger,G2,D4,A2,F#4,https://singingcarrots.com/artist-range?artist=Bob%20Seger
Beyond the Sea,Bobby Darin,G2,D4,C3,F4,https://singingcarrots.com/artist-range?artist=Bobby%20Darin
Mack the Knife,Bobby Darin,G2,D4,D3,D4,https://singingcarrots.com/artist-range?artist=Bobby%20Darin
Skinny Love,Bon Iver,A2,D4,G3,G5,https://singingcarrots.com/artist-range?artist=Bon%20Iver
Wanted Dead or Alive,Bon Jovi,G2,D4,B2,A3,https://singingcarrots.com/artist-range?artist=Bon%20Jovi
Livin' on a Prayer,Bon Jovi,A2,E4,G3,D#5,https://singingcarrots.com/artist-range?artist=Bon%20Jovi
It's My Life,Bon Jovi,G2,D4,C3,A#4,https://singingcarrots.com/artist-range?artist=Bon%20Jovi
Always,Bon Jovi,G2,D4,A2,B4,https://singingcarrots.com/artist-range?artist=Bon%20Jovi
I'll Be There for You,Bon Jovi,G2,D4,B2,D5,https://singingcarrots.com/artist-range?artist=Bon%20Jovi
Bed of Roses,Bon Jovi,G2,D4,F2,C5,https://singingcarrots.com/artist-range?artist=Bon%20Jovi
I Can't Make You Love Me,Bonnie Raitt,A2,D4,D4,G5,https://singingcarrots.com/artist-range?artist=Bonnie%20Raitt
Neon Moon,Brooks & Dunn,G2,C4,A2,G4,https://singingcarrots.com/artist-range?artist=Brooks%20%26%20Dunn
Boot Scootin' Boogie,Brooks & Dunn,G2,C4,F#3,G#4,https://singingcarrots.com/artist-range?artist=Brooks%20%26%20Dunn
Red Dirt Road,Brooks & Dunn,G2,C4,C3,F4,https://singingcarrots.com/artist-range?artist=Brooks%20%26%20Dunn
Only in America,Brooks & Dunn,G2,C4,E3,G4,https://singingcarrots.com/artist-range?artist=Brooks%20%26%20Dunn
Believe,Brooks & Dunn,G2,C4,A2,G4,https://singingcarrots.com/artist-range?artist=Brooks%20%26%20Dunn
Dancing in the Dark,Bruce Springsteen,G2,D4,A3,A4,https://singingcarrots.com/artist-range?artist=Bruce%20Springsteen
Thunder Road,Bruce Springsteen,G2,D4,C3,A4,https://singingcarrots.com/artist-range?artist=Bruce%20Springsteen
Glory Days,Bruce Springsteen,G2,D4,A3,F#4,https://singingcarrots.com/artist-range?artist=Bruce%20Springsteen
The River,Bruce Springsteen,G2,D4,C3,G4,https://singingcarrots.com/artist-range?artist=Bruce%20Springsteen
My Hometown,Bruce Springsteen,G2,D4,A2,D4,https://singingcarrots.com/artist-range?artist=Bruce%20Springsteen
Streets of Philadelphia,Bruce Springsteen,G2,C4,A#2,F5,https://singingcarrots.com/artist-range?artist=Bruce%20Springsteen
Born to Run,Bruce Springsteen,G2,D4,C3,G#4,https://singingcarrots.com/artist-range?artist=Bruce%20Springsteen
When I Was Your Man,Bruno Mars,A2,D4,G3,C5,https://singingcarrots.com/artist-range?artist=Bruno%20Mars
Count on Me,Bruno Mars,A2,D4,A3,C5,https://singingcarrots.com/artist-range?artist=Bruno%20Mars
Talking to the Moon,Bruno Mars,A2,D4,G#3,C#5,https://singingcarrots.com/artist-range?artist=Bruno%20Mars
Grenade,Bruno Mars,A2,D4,A3,D5,https://singingcarrots.com/artist-range?artist=Bruno%20Mars
Just the Way You Are,Bruno Mars,A2,D4,F3,C5,https://singingcarrots.com/artist-range?artist=Bruno%20Mars
(Everything I Do) I Do It for You,Bryan Adams,G2,D4,G3,B4,https://singingcarrots.com/artist-range?artist=Bryan%20Adams
Summer of '69,Bryan Adams,G2,D4,A3,A4,https://singingcarrots.com/artist-range?artist=Bryan%20Adams
Heaven,Bryan Adams,G2,D4,A3,C5,https://singingcarrots.com/artist-range?artist=Bryan%20Adams
Run to You,Bryan Adams,G2,D4,F#3,C#5,https://singingcarrots.com/artist-range?artist=Bryan%20Adams
If Ever I Would Leave You,Camelot,C3,F4,A2,D4,https://singingcarrots.com/artist-range?artist=Camelot
Camelot,Camelot,C3,E4,C3,D4,https://singingcarrots.com/artist-range?artist=Camelot
Soliloquy,Carousel,C3,G4,B3,G5,https://singingcarrots.com/artist-range?artist=Carousel
If I Loved You,Carousel,C3,F4,C4,F5,https://singingcarrots.com/artist-range?artist=Carousel
You'll Never Walk Alone,Carousel,C3,F4,C#4,E5,https://singingcarrots.com/artist-range?artist=Carousel
Behind Closed Doors,Charlie Rich,G2,C4,C3,F4,https://singingcarrots.com/artist-range?artist=Charlie%20Rich
The Most Beautiful Girl,Charlie Rich,G2,C4,C3,F4,https://singingcarrots.com/artist-range?artist=Charlie%20Rich
Anthem,Chess,C3,G#4,D4,G5,https://singingcarrots.com/artist-range?artist=Chess
Tennessee Whiskey,Chris Stapleton,G2,D4,C#3,A4,https://singingcarrots.com/artist-range?artist=Chris%20Stapleton
Traveller,Chris Stapleton,G2,D4,C3,A4,https://singingcarrots.com/artist-range?artist=Chris%20Stapleton
Whiskey and You,Chris Stapleton,G2,D4,A2,E4,https://singingcarrots.com/artist-range?artist=Chris%20Stapleton
Our God,Chris Tomlin,G2,D4,A3,G4,https://singingcarrots.com/artist-range?artist=Chris%20Tomlin
Indescribable,Chris Tomlin,G2,D4,B3,G4,https://singingcarrots.com/artist-range?artist=Chris%20Tomlin
How Great Is Our God,Chris Tomlin,G2,D4,E3,F4,https://singingcarrots.com/artist-range?artist=Chris%20Tomlin
Amazing Grace (My Chains Are Gone),Chris Tomlin,G2,D4,C3,F4,https://singingcarrots.com/artist-range?artist=Chris%20Tomlin
A Thousand Years,Christina Perri,A2,D4,F3,F5,https://singingcarrots.com/artist-range?artist=Christina%20Perri
Christ Be Magnified,Cody Carnes,G2,D4,E3,F#4,https://singingcarrots.com/artist-range?artist=Cody%20Carnes
Viva la Vida,Coldplay,A2,D4,D#3,G#4,https://singingcarrots.com/artist-range?artist=Coldplay
Yellow,Coldplay,A2,D4,F#3,G#4,https://singingcarrots.com/artist-range?artist=Coldplay
The Scientist,Coldplay,A2,D4,C3,A4,https://singingcarrots.com/artist-range?artist=Coldplay
Fix You,Coldplay,A2,D4,A#2,A#4,https://singingcarrots.com/artist-range?artist=Coldplay
A Sky Full of Stars,Coldplay,A2,E4,G#3,F#5,https://singingcarrots.com/artist-range?artist=Coldplay
Trouble,Coldplay,A2,D4,F#3,A4,https://singingcarrots.com/artist-range?artist=Coldplay
In My Place,Coldplay,A2,D4,C3,F#4,https://singingcarrots.com/artist-range?artist=Coldplay
Sail On,Commodores,G2,D4,A2,F#4,https://singingcarrots.com/artist-range?artist=Commodores
Easy,Commodores,G2,D4,D#3,G#4,https://singingcarrots.com/artist-range?artist=Commodores
Three Times a Lady,Commodores,G2,D4,C3,D4,https://singingcarrots.com/artist-range?artist=Commodores
Nightshift,Commodores,G2,D4,C3,D4,https://singingcarrots.com/artist-range?artist=Commodores
Just to Be Close to You,Commodores,G2,D4,C3,G4,https://singingcarrots.com/artist-range?artist=Commodores
Being Alive,Company,C3,F4,D3,G4,https://singingcarrots.com/artist-range?artist=Company
Reckless Love,Cory Asbury,G2,D4,B2,A4,https://singingcarrots.com/artist-range?artist=Cory%20Asbury
Longer,Dan Fogelberg,G2,C4,D3,G4,https://singingcarrots.com/artist-range?artist=Dan%20Fogelberg
Leader of the Band,Dan Fogelberg,G2,C4,C3,G#4,https://singingcarrots.com/artist-range?artist=Dan%20Fogelberg
Same Old Lang Syne,Dan Fogelberg,G2,C4,G3,C5,https://singingcarrots.com/artist-range?artist=Dan%20Fogelberg
Shout to the Lord,Darlene Zschech,G2,D4,E4,B5,https://singingcarrots.com/artist-range?artist=Darlene%20Zschech
Space Oddity,David Bowie,G2,D4,G3,F4,https://singingcarrots.com/artist-range?artist=David%20Bowie
Life on Mars?,David Bowie,G2,F4,F3,A#4,https://singingcarrots.com/artist-range?artist=David%20Bowie
How He Loves,David Crowder Band,G2,D4,A2,G4,https://singingcarrots.com/artist-range?artist=David%20Crowder%20Band
Everybody Loves Somebody,Dean Martin,G2,D4,G#2,B3,https://singingcarrots.com/artist-range?artist=Dean%20Martin
Volare,Dean Martin,G2,D4,C4,E5,https://singingcarrots.com/artist-range?artist=Dean%20Martin
That's Amore,Dean Martin,G2,D4,C3,D4,https://singingcarrots.com/artist-range?artist=Dean%20Martin
For Forever,Dear Evan Hansen,C3,D4,G2,B4,https://singingcarrots.com/artist-range?artist=Dear%20Evan%20Hansen
You Will Be Found,Dear Evan Hansen,C3,D4,G#3,F5,https://singingcarrots.com/artist-range?artist=Dear%20Evan%20Hansen
Waving Through a Window,Dear Evan Hansen,C3,D4,A2,A#4,https://singingcarrots.com/artist-range?artist=Dear%20Evan%20Hansen
American Pie,Don McLean,G2,D4,D3,B4,https://singingcarrots.com/artist-range?artist=Don%20McLean
Give Thanks,Don Moen,G2,D4,A2,C4,https://singingcarrots.com/artist-range?artist=Don%20Moen
Save Tonight,Eagle-Eye Cherry,A2,D4,G3,A4,https://singingcarrots.com/artist-range?artist=Eagle-Eye%20Cherry
Perfect,Ed Sheeran,A2,D4,G3,G#4,https://singingcarrots.com/artist-range?artist=Ed%20Sheeran
Thinking Out Loud,Ed Sheeran,A2,D4,A3,A4,https://singingcarrots.com/artist-range?artist=Ed%20Sheeran
Photograph,Ed Sheeran,A2,D4,C3,C5,https://singingcarrots.com/artist-range?artist=Ed%20Sheeran
Shape of You,Ed Sheeran,A2,D4,G#2,B3,https://singingcarrots.com/artist-range?artist=Ed%20Sheeran
Castle on the Hill,Ed Sheeran,A2,D4,A2,A5,https://singingcarrots.com/artist-range?artist=Ed%20Sheeran
Give Me Love,Ed Sheeran,A2,D4,G2,B4,https://singingcarrots.com/artist-range?artist=Ed%20Sheeran
Oh Happy Day,Edwin Hawkins Singers,G2,D4,E3,D4,https://singingcarrots.com/artist-range?artist=Edwin%20Hawkins%20Singers
Graves into Gardens,Elevation Worship,G2,E4,F#4,G#5,https://singingcarrots.com/artist-range?artist=Elevation%20Worship
Your Song,Elton John,A#1,F#3,A#1,F#3,https://singingcarrots.com/artist-range?artist=Elton%20John
Rocket Man,Elton John,F2,A#3,F2,A#3,https://singingcarrots.com/artist-range?artist=Elton%20John
I'm Still Standing,Elton John,G2,D4,E2,C4,https://singingcarrots.com/artist-range?artist=Elton%20John
Tiny Dancer,Elton John,G2,D4,G2,C4,https://singingcarrots.com/artist-range?artist=Elton%20John
Daniel,Elton John,A2,D4,F2,C4,https://singingcarrots.com/artist-range?artist=Elton%20John
Sacrifice,Elton John,A2,D4,G2,F3,https://singingcarrots.com/artist-range?artist=Elton%20John
Candle in the Wind,Elton John,A1,A3,A1,A3,https://singingcarrots.com/artist-range?artist=Elton%20John
Sorry Seems to Be the Hardest Word,Elton John,A2,D4,G2,A#3,https://singingcarrots.com/artist-range?artist=Elton%20John
Levon,Elton John,A2,D4,C2,F3,https://singingcarrots.com/artist-range?artist=Elton%20John
Wonderful Tonight,Eric Clapton,G2,C4,D3,E4,https://singingcarrots.com/artist-range?artist=Eric%20Clapton
Tears in Heaven,Eric Clapton,G2,C4,E3,E4,https://singingcarrots.com/artist-range?artist=Eric%20Clapton
Change the World,Eric Clapton,G2,D4,F2,A3,https://singingcarrots.com/artist-range?artist=Eric%20Clapton
My Father's Eyes,Eric Clapton,G2,D4,D3,E4,https://singingcarrots.com/artist-range?artist=Eric%20Clapton
More Than Words,Extreme,A2,D4,G#3,F#4,https://singingcarrots.com/artist-range?artist=Extreme
If I Were a Rich Man,Fiddler on the Roof,C3,D4,B3,E5,https://singingcarrots.com/artist-range?artist=Fiddler%20on%20the%20Roof
"Sunrise, Sunset",Fiddler on the Roof,C3,D4,D4,D#5,https://singingcarrots.com/artist-range?artist=Fiddler%20on%20the%20Roof
Tradition,Fiddler on the Roof,C3,D4,C4,E5,https://singingcarrots.com/artist-range?artist=Fiddler%20on%20the%20Roof
Old Devil Moon,Finian's Rainbow,C3,D4,C3,D#4,https://singingcarrots.com/artist-range?artist=Finian%27s%20Rainbow
Landslide,Fleetwood Mac,A2,D4,D3,G4,https://singingcarrots.com/artist-range?artist=Fleetwood%20Mac
Everlong,Foo Fighters,G2,D4,B2,G4,https://singingcarrots.com/artist-range?artist=Foo%20Fighters
Fly Me to the Moon,Frank Sinatra,B2,G4,B2,G4,https://singingcarrots.com/artist-range?artist=Frank%20Sinatra
My Way,Frank Sinatra,A2,F4,A2,F4,https://singingcarrots.com/artist-range?artist=Frank%20Sinatra
That's Life,Frank Sinatra,D3,F#4,D3,F#4,https://singingcarrots.com/artist-range?artist=Frank%20Sinatra
Come Fly with Me,Frank Sinatra,C3,E4,C3,E4,https://singingcarrots.com/artist-range?artist=Frank%20Sinatra
It Was a Very Good Year,Frank Sinatra,A2,C4,A2,C4,https://singingcarrots.com/artist-range?artist=Frank%20Sinatra
Strangers in the Night,Frank Sinatra,A2,D4,A2,D4,https://singingcarrots.com/artist-range?artist=Frank%20Sinatra
Witchcraft,Frank Sinatra,C3,D4,C3,D4,https://singingcarrots.com/artist-range?artist=Frank%20Sinatra
Young at Heart,Frank Sinatra,B2,C#4,B2,C#4,https://singingcarrots.com/artist-range?artist=Frank%20Sinatra
All the Way,Frank Sinatra,G#2,D4,G#2,D4,https://singingcarrots.com/artist-range?artist=Frank%20Sinatra
My Kind of Town,Frank Sinatra,D3,F4,D3,F4,https://singingcarrots.com/artist-range?artist=Frank%20Sinatra
I've Got the World on a String,Frank Sinatra,G2,C4,G2,C4,https://singingcarrots.com/artist-range?artist=Frank%20Sinatra
Summer Wind,Frank Sinatra,A2,D4,F2,F4,https://singingcarrots.com/artist-range?artist=Frank%20Sinatra
Nice 'n' Easy,Frank Sinatra,C3,D4,C3,D4,https://singingcarrots.com/artist-range?artist=Frank%20Sinatra
Come Dance with Me,Frank Sinatra,B2,D#4,B2,D#4,https://singingcarrots.com/artist-range?artist=Frank%20Sinatra
Learnin' the Blues,Frank Sinatra,C3,F4,C3,F4,https://singingcarrots.com/artist-range?artist=Frank%20Sinatra
Love and Marriage,Frank Sinatra,A2,D4,A2,D4,https://singingcarrots.com/artist-range?artist=Frank%20Sinatra
The Coffee Song,Frank Sinatra,C3,E4,C3,E4,https://singingcarrots.com/artist-range?artist=Frank%20Sinatra
Chicago (That Toddlin' Town),Frank Sinatra,D3,F4,D3,F4,https://singingcarrots.com/artist-range?artist=Frank%20Sinatra
Puttin' on the Ritz,Fred Astaire,G2,C4,C3,F4,https://singingcarrots.com/artist-range?artist=Fred%20Astaire
Cheek to Cheek,Fred Astaire,A2,D4,B2,E4,https://singingcarrots.com/artist-range?artist=Fred%20Astaire
If Tomorrow Never Comes,Garth Brooks,G2,C4,A2,D4,https://singingcarrots.com/artist-range?artist=Garth%20Brooks
Friends in Low Places,Garth Brooks,F2,A#3,G2,A4,https://singingcarrots.com/artist-range?artist=Garth%20Brooks
She's Every Woman,Garth Brooks,G2,C4,B2,C#4,https://singingcarrots.com/artist-range?artist=Garth%20Brooks
The Dance,Garth Brooks,G2,C4,G2,E4,https://singingcarrots.com/artist-range?artist=Garth%20Brooks
Unanswered Prayers,Garth Brooks,G2,C4,E2,D4,https://singingcarrots.com/artist-range?artist=Garth%20Brooks
Wrapped Up in You,Garth Brooks,G2,C4,C#3,E4,https://singingcarrots.com/artist-range?artist=Garth%20Brooks
Budapest,George Ezra,E2,A#3,C3,C4,https://singingcarrots.com/artist-range?artist=George%20Ezra
He Stopped Loving Her Today,George Jones,G2,C4,B2,E4,https://singingcarrots.com/artist-range?artist=George%20Jones
Ocean Front Property,George Strait,G2,C4,B2,D4,https://singingcarrots.com/artist-range?artist=George%20Strait
Check Yes or No,George Strait,A2,D4,A#2,D4,https://singingcarrots.com/artist-range?artist=George%20Strait
I Cross My Heart,George Strait,A2,D4,A#2,F4,https://singingcarrots.com/artist-range?artist=George%20Strait
"Love Without End, Amen",George Strait,G2,C4,A2,C#4,https://singingcarrots.com/artist-range?artist=George%20Strait
All My Ex's Live in Texas,George Strait,G2,C4,A#2,A4,https://singingcarrots.com/artist-range?artist=George%20Strait
The Chair,George Strait,G2,C4,A2,G4,https://singingcarrots.com/artist-range?artist=George%20Strait
Wichita Lineman,Glen Campbell,G2,C4,C3,D4,https://singingcarrots.com/artist-range?artist=Glen%20Campbell
Gentle on My Mind,Glen Campbell,G2,C4,C3,A3,https://singingcarrots.com/artist-range?artist=Glen%20Campbell
Rhinestone Cowboy,Glen Campbell,G2,C4,G2,G4,https://singingcarrots.com/artist-range?artist=Glen%20Campbell
Southern Nights,Glen Campbell,G2,C4,D3,F4,https://singingcarrots.com/artist-range?artist=Glen%20Campbell
By the Time I Get to Phoenix,Glen Campbell,G2,C4,E3,D4,https://singingcarrots.com/artist-range?artist=Glen%20Campbell
Iris,Goo Goo Dolls,G2,F4,D3,A4,https://singingcarrots.com/artist-range?artist=Goo%20Goo%20Dolls
The Wreck of the Edmund Fitzgerald,Gordon Lightfoot,G2,C4,E2,B5,https://singingcarrots.com/artist-range?artist=Gordon%20Lightfoot
Early Morning Rain,Gordon Lightfoot,G2,C4,A2,A3,https://singingcarrots.com/artist-range?artist=Gordon%20Lightfoot
If You Could Read My Mind,Gordon Lightfoot,G2,C4,G2,B3,https://singingcarrots.com/artist-range?artist=Gordon%20Lightfoot
Ripple,Grateful Dead,G2,C4,B2,C4,https://singingcarrots.com/artist-range?artist=Grateful%20Dead
Uncle John's Band,Grateful Dead,G2,C4,B2,E4,https://singingcarrots.com/artist-range?artist=Grateful%20Dead
November Rain,Guns N' Roses,G2,G4,D3,D#5,https://singingcarrots.com/artist-range?artist=Guns%20N%27%20Roses
Patience,Guns N' Roses,G2,D4,A2,E5,https://singingcarrots.com/artist-range?artist=Guns%20N%27%20Roses
Sit Down You're Rockin' the Boat,Guys and Dolls,C3,D4,C4,D5,https://singingcarrots.com/artist-range?artist=Guys%20and%20Dolls
Guys and Dolls,Guys and Dolls,C3,D4,B3,D5,https://singingcarrots.com/artist-range?artist=Guys%20and%20Dolls
Luck Be a Lady,Guys and Dolls,G2,F4,B3,C5,https://singingcarrots.com/artist-range?artist=Guys%20and%20Dolls
Your Cheatin' Heart,Hank Williams,G2,C4,B2,D4,https://singingcarrots.com/artist-range?artist=Hank%20Williams
Jambalaya (On the Bayou),Hank Williams,G2,C4,C3,E4,https://singingcarrots.com/artist-range?artist=Hank%20Williams
Hey Good Lookin',Hank Williams,G2,C4,E3,D4,https://singingcarrots.com/artist-range?artist=Hank%20Williams
Cat's in the Cradle,Harry Chapin,G2,C4,C3,C4,https://singingcarrots.com/artist-range?artist=Harry%20Chapin
Taxi,Harry Chapin,G2,C4,B2,A4,https://singingcarrots.com/artist-range?artist=Harry%20Chapin
I Need You to Survive,Hezekiah Walker,G2,D4,G#2,A#3,https://singingcarrots.com/artist-range?artist=Hezekiah%20Walker
Every Praise,Hezekiah Walker,G2,D4,A2,B3,https://singingcarrots.com/artist-range?artist=Hezekiah%20Walker
Cornerstone,Hillsong,G2,D4,C4,A4,https://singingcarrots.com/artist-range?artist=Hillsong
Oceans (Where Feet May Fail),Hillsong United,G2,E4,A3,D5,https://singingcarrots.com/artist-range?artist=Hillsong%20United
What a Beautiful Name,Hillsong Worship,G2,E4,A2,B3,https://singingcarrots.com/artist-range?artist=Hillsong%20Worship
I Believe in You,How to Succeed in Business Without Really Trying,C3,D4,G4,E5,https://singingcarrots.com/artist-range?artist=How%20to%20Succeed%20in%20Business%20Without%20Really%20Trying
Brotherhood of Man,How to Succeed in Business Without Really Trying,C3,D4,C4,D5,https://singingcarrots.com/artist-range?artist=How%20to%20Succeed%20in%20Business%20Without%20Really%20Trying
Collide,Howie Day,A2,D4,F#2,G#4,https://singingcarrots.com/artist-range?artist=Howie%20Day
Demons,Imagine Dragons,A2,D4,D#3,A#4,https://singingcarrots.com/artist-range?artist=Imagine%20Dragons
Radioactive,Imagine Dragons,G2,D4,F#3,B4,https://singingcarrots.com/artist-range?artist=Imagine%20Dragons
Believer,Imagine Dragons,G2,D4,G3,C5,https://singingcarrots.com/artist-range?artist=Imagine%20Dragons
Thunder,Imagine Dragons,A2,D4,E3,G4,https://singingcarrots.com/artist-range?artist=Imagine%20Dragons
Giants in the Sky,Into the Woods,C3,F4,C#4,F#5,https://singingcarrots.com/artist-range?artist=Into%20the%20Woods
Banana Pancakes,Jack Johnson,A2,D4,A2,E4,https://singingcarrots.com/artist-range?artist=Jack%20Johnson
Better Together,Jack Johnson,A2,D4,A#2,C4,https://singingcarrots.com/artist-range?artist=Jack%20Johnson
(Your Love Keeps Lifting Me) Higher and Higher,Jackie Wilson,G2,D4,B2,F#4,https://singingcarrots.com/artist-range?artist=Jackie%20Wilson
To Be Loved,Jackie Wilson,G2,D4,A3,C5,https://singingcarrots.com/artist-range?artist=Jackie%20Wilson
Lonely Teardrops,Jackie Wilson,G2,D4,D#3,C5,https://singingcarrots.com/artist-range?artist=Jackie%20Wilson
The Load-Out / Stay,Jackson Browne,G2,C4,D3,G4,https://singingcarrots.com/artist-range?artist=Jackson%20Browne
Fire and Rain,James Taylor,G2,C4,G2,D4,https://singingcarrots.com/artist-range?artist=James%20Taylor
Sweet Baby James,James Taylor,G2,C4,A2,C#4,https://singingcarrots.com/artist-range?artist=James%20Taylor
You've Got a Friend,James Taylor,G2,C4,G2,B3,https://singingcarrots.com/artist-range?artist=James%20Taylor
Carolina in My Mind,James Taylor,G2,C4,C3,D4,https://singingcarrots.com/artist-range?artist=James%20Taylor
Country Road,James Taylor,G2,C4,A2,D4,https://singingcarrots.com/artist-range?artist=James%20Taylor
Shower the People,James Taylor,G2,C4,D3,D4,https://singingcarrots.com/artist-range?artist=James%20Taylor
Big Green Tractor,Jason Aldean,G2,C4,G#2,E4,https://singingcarrots.com/artist-range?artist=Jason%20Aldean
Dirt Road Anthem,Jason Aldean,G2,C4,D3,D4,https://singingcarrots.com/artist-range?artist=Jason%20Aldean
Amarillo Sky,Jason Aldean,G2,C4,A2,A4,https://singingcarrots.com/artist-range?artist=Jason%20Aldean
I'm Yours,Jason Mraz,A2,D4,F3,F4,https://singingcarrots.com/artist-range?artist=Jason%20Mraz
Hallelujah,Jeff Buckley,A2,D4,C3,F#4,https://singingcarrots.com/artist-range?artist=Jeff%20Buckley
This Is the Moment,Jekyll & Hyde,C3,A#4,E4,G5,https://singingcarrots.com/artist-range?artist=Jekyll%20%26%20Hyde
Time in a Bottle,Jim Croce,G2,C4,A2,C4,https://singingcarrots.com/artist-range?artist=Jim%20Croce
Four Walls,Jim Reeves,G2,C4,D3,G4,https://singingcarrots.com/artist-range?artist=Jim%20Reeves
Welcome to My World,Jim Reeves,G2,C4,B2,B3,https://singingcarrots.com/artist-range?artist=Jim%20Reeves
He'll Have to Go,Jim Reeves,G2,C4,A#2,D#4,https://singingcarrots.com/artist-range?artist=Jim%20Reeves
Come Monday,Jimmy Buffett,G2,C4,E2,B3,https://singingcarrots.com/artist-range?artist=Jimmy%20Buffett
Margaritaville,Jimmy Buffett,G2,C4,F2,C4,https://singingcarrots.com/artist-range?artist=Jimmy%20Buffett
Cheeseburger in Paradise,Jimmy Buffett,G2,C4,E3,F#5,https://singingcarrots.com/artist-range?artist=Jimmy%20Buffett
Diamonds & Rust,Joan Baez,G2,C4,G3,A#4,https://singingcarrots.com/artist-range?artist=Joan%20Baez
"Take Me Home, Country Roads",John Denver,G2,D4,E3,F#4,https://singingcarrots.com/artist-range?artist=John%20Denver
Annie's Song,John Denver,A2,D4,F#3,E4,https://singingcarrots.com/artist-range?artist=John%20Denver
Leaving on a Jet Plane,John Denver,A2,D4,D3,G4,https://singingcarrots.com/artist-range?artist=John%20Denver
All of Me,John Legend,A2,D4,D#3,A#4,https://singingcarrots.com/artist-range?artist=John%20Legend
Ordinary People,John Legend,A2,D4,A#2,A#4,https://singingcarrots.com/artist-range?artist=John%20Legend
I Swear,John Michael Montgomery,A2,D4,C3,F4,https://singingcarrots.com/artist-range?artist=John%20Michael%20Montgomery
Ring of Fire,Johnny Cash,G2,C4,F#3,A4,https://singingcarrots.com/artist-range?artist=Johnny%20Cash
A Boy Named Sue,Johnny Cash,G2,C4,D3,G3,https://singingcarrots.com/artist-range?artist=Johnny%20Cash
Folsom Prison Blues,Johnny Cash,G2,C4,F2,C4,https://singingcarrots.com/artist-range?artist=Johnny%20Cash
I Walk the Line,Johnny Cash,F2,A#3,D2,C4,https://singingcarrots.com/artist-range?artist=Johnny%20Cash
Man in Black,Johnny Cash,G2,C4,A2,D4,https://singingcarrots.com/artist-range?artist=Johnny%20Cash
Chances Are,Johnny Mathis,G2,D4,D3,G4,https://singingcarrots.com/artist-range?artist=Johnny%20Mathis
Both Sides Now,Joni Mitchell,A2,D4,F#3,Cb5,https://singingcarrots.com/artist-range?artist=Joni%20Mitchell
Big Yellow Taxi,Joni Mitchell,A2,D4,E3,F#5,https://singingcarrots.com/artist-range?artist=Joni%20Mitchell
Don't Stop Believin',Journey,B3,C#5,B3,C#5,https://singingcarrots.com/artist-range?artist=Journey
Faithfully,Journey,B2,B3,B2,B3,https://singingcarrots.com/artist-range?artist=Journey
Open Arms,Journey,A2,D4,A2,D4,https://singingcarrots.com/artist-range?artist=Journey
Any Way You Want It,Journey,D3,C5,D3,C5,https://singingcarrots.com/artist-range?artist=Journey
Dust in the Wind,Kansas,G2,D4,A2,B3,https://singingcarrots.com/artist-range?artist=Kansas
Carry On Wayward Son,Kansas,G2,F4,F3,C5,https://singingcarrots.com/artist-range?artist=Kansas
Somewhere Only We Know,Keane,A2,D4,A3,A4,https://singingcarrots.com/artist-range?artist=Keane
Danny's Song,Kenny Loggins,G2,C4,D3,F#4,https://singingcarrots.com/artist-range?artist=Kenny%20Loggins
Coward of the County,Kenny Rogers,G2,C4,G2,E4,https://singingcarrots.com/artist-range?artist=Kenny%20Rogers
The Gambler,Kenny Rogers,G2,C4,A#2,E4,https://singingcarrots.com/artist-range?artist=Kenny%20Rogers
Islands in the Stream,Kenny Rogers & Dolly Parton,G2,C4,C4,F5,https://singingcarrots.com/artist-range?artist=Kenny%20Rogers%20%26%20Dolly%20Parton
All I Want,Kodaline,A2,D4,B3,C5,https://singingcarrots.com/artist-range?artist=Kodaline
High Hopes,Kodaline,F2,D4,B2,B4,https://singingcarrots.com/artist-range?artist=Kodaline
Me and Bobby McGee,Kris Kristofferson,G2,C4,E2,D#4,https://singingcarrots.com/artist-range?artist=Kris%20Kristofferson
Sunday Morning Coming Down,Kris Kristofferson,G2,C4,E2,F#4,https://singingcarrots.com/artist-range?artist=Kris%20Kristofferson
Long Black Veil,Lefty Frizzell,G2,C4,C3,C4,https://singingcarrots.com/artist-range?artist=Lefty%20Frizzell
Fly Away,Lenny Kravitz,G2,D4,G2,C4,https://singingcarrots.com/artist-range?artist=Lenny%20Kravitz
Suzanne,Leonard Cohen,G2,C4,E3,F#4,https://singingcarrots.com/artist-range?artist=Leonard%20Cohen
"So Long, Marianne",Leonard Cohen,G2,C4,G2,C4,https://singingcarrots.com/artist-range?artist=Leonard%20Cohen
Bird on the Wire,Leonard Cohen,G2,C4,G2,E4,https://singingcarrots.com/artist-range?artist=Leonard%20Cohen
Who Am I?,Les Misérables,C3,F4,A#3,A#5,https://singingcarrots.com/artist-range?artist=Les%20Mis%C3%A9rables
Empty Chairs at Empty Tables,Les Misérables,C3,F4,A3,G5,https://singingcarrots.com/artist-range?artist=Les%20Mis%C3%A9rables
Javert's Suicide,Les Misérables,C3,F4,C4,F#5,https://singingcarrots.com/artist-range?artist=Les%20Mis%C3%A9rables
One Day More,Les Misérables,C3,F4,D#3,A5,https://singingcarrots.com/artist-range?artist=Les%20Mis%C3%A9rables
Master of the House,Les Misérables,C3,D4,B3,F5,https://singingcarrots.com/artist-range?artist=Les%20Mis%C3%A9rables
Suddenly Seymour,Little Shop of Horrors,C3,D4,C#4,C#5,https://singingcarrots.com/artist-range?artist=Little%20Shop%20of%20Horrors
Grow for Me,Little Shop of Horrors,C3,D4,A#3,E5,https://singingcarrots.com/artist-range?artist=Little%20Shop%20of%20Horrors
Amazed,Lonestar,A2,D4,D3,G4,https://singingcarrots.com/artist-range?artist=Lonestar
What a Wonderful World,Louis Armstrong,F2,A#3,E2,A4,https://singingcarrots.com/artist-range?artist=Louis%20Armstrong
Never Too Much,Luther Vandross,G2,D4,A3,B4,https://singingcarrots.com/artist-range?artist=Luther%20Vandross
Here and Now,Luther Vandross,G2,D4,C3,B4,https://singingcarrots.com/artist-range?artist=Luther%20Vandross
Dance with My Father,Luther Vandross,G2,D4,F3,G4,https://singingcarrots.com/artist-range?artist=Luther%20Vandross
Sweet Home Alabama,Lynyrd Skynyrd,G2,C4,G3,F#4,https://singingcarrots.com/artist-range?artist=Lynyrd%20Skynyrd
Simple Man,Lynyrd Skynyrd,G2,C4,G3,A4,https://singingcarrots.com/artist-range?artist=Lynyrd%20Skynyrd
Free Bird,Lynyrd Skynyrd,G2,C4,C3,F4,https://singingcarrots.com/artist-range?artist=Lynyrd%20Skynyrd
The Impossible Dream,Man of La Mancha,C3,G#4,C3,D#4,https://singingcarrots.com/artist-range?artist=Man%20of%20La%20Mancha
She Will Be Loved,Maroon 5,A2,D4,G3,A#4,https://singingcarrots.com/artist-range?artist=Maroon%205
Sunday Morning,Maroon 5,A2,D4,A3,A4,https://singingcarrots.com/artist-range?artist=Maroon%205
Sugar,Maroon 5,A2,D4,C#3,G#4,https://singingcarrots.com/artist-range?artist=Maroon%205
This Love,Maroon 5,A2,D4,C3,B4,https://singingcarrots.com/artist-range?artist=Maroon%205
Daylight,Maroon 5,A2,D4,B2,B4,https://singingcarrots.com/artist-range?artist=Maroon%205
El Paso,Marty Robbins,G2,C4,D3,B4,https://singingcarrots.com/artist-range?artist=Marty%20Robbins
Big Iron,Marty Robbins,G2,C4,C3,D4,https://singingcarrots.com/artist-range?artist=Marty%20Robbins
Devil Woman,Marty Robbins,G2,C4,C#3,F#4,https://singingcarrots.com/artist-range?artist=Marty%20Robbins
I Heard It Through the Grapevine,Marvin Gaye,G2,D4,A#3,D#5,https://singingcarrots.com/artist-range?artist=Marvin%20Gaye
What's Going On,Marvin Gaye,G2,D4,E3,B4,https://singingcarrots.com/artist-range?artist=Marvin%20Gaye
Let's Get It On,Marvin Gaye,G2,D4,A#2,D#4,https://singingcarrots.com/artist-range?artist=Marvin%20Gaye
Sexual Healing,Marvin Gaye,A2,D4,E3,A4,https://singingcarrots.com/artist-range?artist=Marvin%20Gaye
3AM,Matchbox Twenty,G2,C4,D#3,F4,https://singingcarrots.com/artist-range?artist=Matchbox%20Twenty
Unwell,Matchbox Twenty,G2,C4,C#3,F#4,https://singingcarrots.com/artist-range?artist=Matchbox%20Twenty
Lord I Need You,Matt Maher,G2,D4,A#2,F4,https://singingcarrots.com/artist-range?artist=Matt%20Maher
"10,000 Reasons (Bless the Lord)",Matt Redman,G2,D4,G2,B3,https://singingcarrots.com/artist-range?artist=Matt%20Redman
Blessed Be Your Name,Matt Redman,G2,D4,C3,F4,https://singingcarrots.com/artist-range?artist=Matt%20Redman
Above All,Michael W. Smith,G2,D4,A2,C4,https://singingcarrots.com/artist-range?artist=Michael%20W.%20Smith
Friends,Michael W. Smith,G2,D4,D3,G#4,https://singingcarrots.com/artist-range?artist=Michael%20W.%20Smith
Great Is the Lord,Michael W. Smith,G2,D4,B2,E4,https://singingcarrots.com/artist-range?artist=Michael%20W.%20Smith
Bui Doi,Miss Saigon,C3,F4,G#3,A#5,https://singingcarrots.com/artist-range?artist=Miss%20Saigon
Broken Wings,Mr. Mister,G2,D4,F#3,G#4,https://singingcarrots.com/artist-range?artist=Mr.%20Mister
On the Street Where You Live,My Fair Lady,C3,A4,C4,F5,https://singingcarrots.com/artist-range?artist=My%20Fair%20Lady
Home Sweet Home,Mötley Crüe,G2,D4,A3,A#4,https://singingcarrots.com/artist-range?artist=M%C3%B6tley%20Cr%C3%BCe
Route 66,Nat King Cole,G2,D4,D2,G#4,https://singingcarrots.com/artist-range?artist=Nat%20King%20Cole
Orange Colored Sky,Nat King Cole,G2,D4,C3,D#4,https://singingcarrots.com/artist-range?artist=Nat%20King%20Cole
L-O-V-E,Nat King Cole,G2,C4,C#3,B3,https://singingcarrots.com/artist-range?artist=Nat%20King%20Cole
Let There Be Love,Nat King Cole,G2,D4,G2,C#4,https://singingcarrots.com/artist-range?artist=Nat%20King%20Cole
Nature Boy,Nat King Cole,G2,D4,A#2,D#4,https://singingcarrots.com/artist-range?artist=Nat%20King%20Cole
Unforgettable,Nat King Cole,G2,C4,C3,E4,https://singingcarrots.com/artist-range?artist=Nat%20King%20Cole
Straighten Up and Fly Right,Nat King Cole,G2,D4,D#3,C4,https://singingcarrots.com/artist-range?artist=Nat%20King%20Cole
When I Fall in Love,Nat King Cole,G2,D4,G#2,C4,https://singingcarrots.com/artist-range?artist=Nat%20King%20Cole
Ramblin' Rose,Nat King Cole,G2,D4,B2,E4,https://singingcarrots.com/artist-range?artist=Nat%20King%20Cole
Mona Lisa,Nat King Cole,G2,C4,D3,G4,https://singingcarrots.com/artist-range?artist=Nat%20King%20Cole
Sweet Caroline,Neil Diamond,G2,D4,D3,G4,https://singingcarrots.com/artist-range?artist=Neil%20Diamond
Heart of Gold,Neil Young,G2,C4,D3,E4,https://singingcarrots.com/artist-range?artist=Neil%20Young
Old Man,Neil Young,G2,C4,A2,A4,https://singingcarrots.com/artist-range?artist=Neil%20Young
Helpless,Neil Young,G2,C4,A3,F#4,https://singingcarrots.com/artist-range?artist=Neil%20Young
Harvest Moon,Neil Young,G2,C4,C3,E4,https://singingcarrots.com/artist-range?artist=Neil%20Young
The Needle and the Damage Done,Neil Young,G2,C4,G3,F4,https://singingcarrots.com/artist-range?artist=Neil%20Young
Comes a Time,Neil Young,G2,C4,G3,F4,https://singingcarrots.com/artist-range?artist=Neil%20Young
Only Love Can Break Your Heart,Neil Young,G2,C4,G3,B4,https://singingcarrots.com/artist-range?artist=Neil%20Young
After the Gold Rush,Neil Young,G2,C4,B3,B4,https://singingcarrots.com/artist-range?artist=Neil%20Young
Sister Christian,Night Ranger,G2,D4,E3,C5,https://singingcarrots.com/artist-range?artist=Night%20Ranger
Feeling Good,Nina Simone,G2,G4,C3,A#4,https://singingcarrots.com/artist-range?artist=Nina%20Simone
Wonderwall,Oasis,D3,B3,G3,A4,https://singingcarrots.com/artist-range?artist=Oasis
Little Talks,Of Monsters and Men,A2,D4,A3,A5,https://singingcarrots.com/artist-range?artist=Of%20Monsters%20and%20Men
"Oh, What a Beautiful Mornin'",Oklahoma!,C3,D4,D#3,E4,https://singingcarrots.com/artist-range?artist=Oklahoma%21
People Will Say We're in Love,Oklahoma!,C3,D4,C3,E4,https://singingcarrots.com/artist-range?artist=Oklahoma%21
Surrey with the Fringe on Top,Oklahoma!,C3,D4,F#3,G4,https://singingcarrots.com/artist-range?artist=Oklahoma%21
Consider Yourself,Oliver!,C3,D4,A2,C4,https://singingcarrots.com/artist-range?artist=Oliver%21
Reviewing the Situation,Oliver!,C3,D4,C3,F4,https://singingcarrots.com/artist-range?artist=Oliver%21
Counting Stars,OneRepublic,A2,D4,C3,D5,https://singingcarrots.com/artist-range?artist=OneRepublic
Secrets,OneRepublic,A2,D4,B3,A4,https://singingcarrots.com/artist-range?artist=OneRepublic
Apologize,OneRepublic,A2,D4,F3,A#4,https://singingcarrots.com/artist-range?artist=OneRepublic
Good Life,OneRepublic,A2,D4,F#3,C#5,https://singingcarrots.com/artist-range?artist=OneRepublic
I Lived,OneRepublic,A2,D4,A2,A4,https://singingcarrots.com/artist-range?artist=OneRepublic
If I Lose Myself,OneRepublic,A2,D4,F#3,B4,https://singingcarrots.com/artist-range?artist=OneRepublic
(Sittin' On) The Dock of the Bay,Otis Redding,G2,C4,E3,G4,https://singingcarrots.com/artist-range?artist=Otis%20Redding
These Arms of Mine,Otis Redding,G2,D4,F3,F4,https://singingcarrots.com/artist-range?artist=Otis%20Redding
Try a Little Tenderness,Otis Redding,G2,D4,B2,D4,https://singingcarrots.com/artist-range?artist=Otis%20Redding
I've Been Loving You Too Long,Otis Redding,G2,D4,E3,A4,https://singingcarrots.com/artist-range?artist=Otis%20Redding
Mr. Pitiful,Otis Redding,G2,D4,C3,C5,https://singingcarrots.com/artist-range?artist=Otis%20Redding
Respect,Otis Redding,G2,D4,E3,G4,https://singingcarrots.com/artist-range?artist=Otis%20Redding
They Call the Wind Maria,Paint Your Wagon,C3,F4,C4,F5,https://singingcarrots.com/artist-range?artist=Paint%20Your%20Wagon
Build My Life,Pat Barrett,G2,D4,D#3,F4,https://singingcarrots.com/artist-range?artist=Pat%20Barrett
Crazy,Patsy Cline,G2,C4,D4,G5,https://singingcarrots.com/artist-range?artist=Patsy%20Cline
I Fall to Pieces,Patsy Cline,G2,C4,C4,E5,https://singingcarrots.com/artist-range?artist=Patsy%20Cline
Graceland,Paul Simon,G2,C4,C3,C4,https://singingcarrots.com/artist-range?artist=Paul%20Simon
American Tune,Paul Simon,G2,C4,C3,F4,https://singingcarrots.com/artist-range?artist=Paul%20Simon
Living Hope,Phil Wickham,G2,E4,D#3,G#4,https://singingcarrots.com/artist-range?artist=Phil%20Wickham
Wish You Were Here,Pink Floyd,G2,C4,G2,A3,https://singingcarrots.com/artist-range?artist=Pink%20Floyd
Time,Pink Floyd,G2,D4,A2,A3,https://singingcarrots.com/artist-range?artist=Pink%20Floyd
Money,Pink Floyd,G2,D4,E3,F#4,https://singingcarrots.com/artist-range?artist=Pink%20Floyd
Corner of the Sky,Pippin,G2,A4,F3,C5,https://singingcarrots.com/artist-range?artist=Pippin
Hey There Delilah,Plain White T's,A2,D4,C#3,F#4,https://singingcarrots.com/artist-range?artist=Plain%20White%20T%27s
Every Rose Has Its Thorn,Poison,G2,D4,D#2,C#4,https://singingcarrots.com/artist-range?artist=Poison
Feel It Still,Portugal. The Man,A2,D4,B2,C#4,https://singingcarrots.com/artist-range?artist=Portugal.%20The%20Man
Amie,Pure Prairie League,G2,C4,C3,A4,https://singingcarrots.com/artist-range?artist=Pure%20Prairie%20League
Losing My Religion,R.E.M.,A2,D4,D3,C4,https://singingcarrots.com/artist-range?artist=R.E.M.
Everybody Hurts,R.E.M.,G2,C4,G2,A4,https://singingcarrots.com/artist-range?artist=R.E.M.
Streets of London,Ralph McTell,G2,C4,A2,A3,https://singingcarrots.com/artist-range?artist=Ralph%20McTell
"Forever and Ever, Amen",Randy Travis,G2,C4,A2,B3,https://singingcarrots.com/artist-range?artist=Randy%20Travis
Hit the Road Jack,Ray Charles,G2,C4,F2,D#4,https://singingcarrots.com/artist-range?artist=Ray%20Charles
Georgia on My Mind,Ray Charles,G2,D4,D3,E4,https://singingcarrots.com/artist-range?artist=Ray%20Charles
I Can't Stop Loving You,Ray Charles,G2,C4,C3,E4,https://singingcarrots.com/artist-range?artist=Ray%20Charles
Under the Bridge,Red Hot Chili Peppers,G2,C4,B2,G4,https://singingcarrots.com/artist-range?artist=Red%20Hot%20Chili%20Peppers
Seasons of Love,Rent,C3,D4,C4,D6,https://singingcarrots.com/artist-range?artist=Rent
What You Own,Rent,C3,D4,D4,F5,https://singingcarrots.com/artist-range?artist=Rent
Without You,Rent,C3,D4,F#3,A4,https://singingcarrots.com/artist-range?artist=Rent
I'll Cover You,Rent,C3,D4,C4,A5,https://singingcarrots.com/artist-range?artist=Rent
One Song Glory,Rent,C3,D4,D4,A5,https://singingcarrots.com/artist-range?artist=Rent
Santa Fe,Rent,C3,D4,A3,F#5,https://singingcarrots.com/artist-range?artist=Rent
Angels,Robbie Williams,A2,D4,E2,B4,https://singingcarrots.com/artist-range?artist=Robbie%20Williams
She's the One,Robbie Williams,A2,D4,F3,C5,https://singingcarrots.com/artist-range?artist=Robbie%20Williams
Feel,Robbie Williams,A2,D4,A2,A#4,https://singingcarrots.com/artist-range?artist=Robbie%20Williams
Days of Elijah,Robin Mark,G2,D4,G2,C4,https://singingcarrots.com/artist-range?artist=Robin%20Mark
King of the Road,Roger Miller,G2,C4,A#2,F#4,https://singingcarrots.com/artist-range?artist=Roger%20Miller
Dang Me,Roger Miller,G2,C4,C3,F4,https://singingcarrots.com/artist-range?artist=Roger%20Miller
Little Green Apples,Roger Miller,G2,C4,C#3,D4,https://singingcarrots.com/artist-range?artist=Roger%20Miller
Chain Gang,Sam Cooke,G2,D4,D2,G4,https://singingcarrots.com/artist-range?artist=Sam%20Cooke
Bring It On Home to Me,Sam Cooke,G2,D4,G3,A4,https://singingcarrots.com/artist-range?artist=Sam%20Cooke
Cupid,Sam Cooke,G2,C4,A2,C4,https://singingcarrots.com/artist-range?artist=Sam%20Cooke
Twistin' the Night Away,Sam Cooke,G2,D4,F#3,F#4,https://singingcarrots.com/artist-range?artist=Sam%20Cooke
Wonderful World,Sam Cooke,G2,D4,G#2,B4,https://singingcarrots.com/artist-range?artist=Sam%20Cooke
A Change Is Gonna Come,Sam Cooke,G2,D4,F3,A#4,https://singingcarrots.com/artist-range?artist=Sam%20Cooke
You Send Me,Sam Cooke,G2,C4,D3,G4,https://singingcarrots.com/artist-range?artist=Sam%20Cooke
I'm Not the Only One,Sam Smith,A2,D4,F4,C6,https://singingcarrots.com/artist-range?artist=Sam%20Smith
Still Loving You,Scorpions,G2,D4,F#2,D5,https://singingcarrots.com/artist-range?artist=Scorpions
Wind of Change,Scorpions,G2,D4,G4,G5,https://singingcarrots.com/artist-range?artist=Scorpions
Kiss from a Rose,Seal,A2,F4,D3,C5,https://singingcarrots.com/artist-range?artist=Seal
Stitches,Shawn Mendes,A2,D4,G2,C4,https://singingcarrots.com/artist-range?artist=Shawn%20Mendes
There's Nothing Holdin' Me Back,Shawn Mendes,A2,D4,A2,A4,https://singingcarrots.com/artist-range?artist=Shawn%20Mendes
Treat You Better,Shawn Mendes,A2,D4,D3,A4,https://singingcarrots.com/artist-range?artist=Shawn%20Mendes
Mercy,Shawn Mendes,A2,D4,B2,A4,https://singingcarrots.com/artist-range?artist=Shawn%20Mendes
Ol' Man River,Show Boat,D2,D#4,A#3,G5,https://singingcarrots.com/artist-range?artist=Show%20Boat
The Sound of Silence,Simon & Garfunkel,G2,C4,C3,F4,https://singingcarrots.com/artist-range?artist=Simon%20%26%20Garfunkel
The Boxer,Simon & Garfunkel,G2,C4,C3,F4,https://singingcarrots.com/artist-range?artist=Simon%20%26%20Garfunkel
Scarborough Fair,Simon & Garfunkel,G2,C4,C3,D4,https://singingcarrots.com/artist-range?artist=Simon%20%26%20Garfunkel
Homeward Bound,Simon & Garfunkel,G2,C4,G2,C4,https://singingcarrots.com/artist-range?artist=Simon%20%26%20Garfunkel
Good Morning,Singin' in the Rain,C3,D4,A#3,C5,https://singingcarrots.com/artist-range?artist=Singin%27%20in%20the%20Rain
Make 'Em Laugh,Singin' in the Rain,C3,D4,C4,F5,https://singingcarrots.com/artist-range?artist=Singin%27%20in%20the%20Rain
I Remember You,Skid Row,G2,D4,G3,F5,https://singingcarrots.com/artist-range?artist=Skid%20Row
Cruisin',Smokey Robinson,G2,D4,D3,G#4,https://singingcarrots.com/artist-range?artist=Smokey%20Robinson
Being with You,Smokey Robinson,G2,D4,G3,A#4,https://singingcarrots.com/artist-range?artist=Smokey%20Robinson
Chasing Cars,Snow Patrol,G2,D4,E3,D4,https://singingcarrots.com/artist-range?artist=Snow%20Patrol
Some Enchanted Evening,South Pacific,D3,F4,C3,D4,https://singingcarrots.com/artist-range?artist=South%20Pacific
Younger Than Springtime,South Pacific,C3,F4,B2,D4,https://singingcarrots.com/artist-range?artist=South%20Pacific
This Nearly Was Mine,South Pacific,C3,F4,D3,F4,https://singingcarrots.com/artist-range?artist=South%20Pacific
There Is Nothin' Like a Dame,South Pacific,C3,D4,C3,F4,https://singingcarrots.com/artist-range?artist=South%20Pacific
It's a Grand Night for Singing,State Fair,C3,D4,D4,E5,https://singingcarrots.com/artist-range?artist=State%20Fair
My Cherie Amour,Stevie Wonder,G2,D4,D3,D4,https://singingcarrots.com/artist-range?artist=Stevie%20Wonder
Superstition,Stevie Wonder,G2,D4,D#3,A#4,https://singingcarrots.com/artist-range?artist=Stevie%20Wonder
Isn't She Lovely,Stevie Wonder,G2,D4,E2,B3,https://singingcarrots.com/artist-range?artist=Stevie%20Wonder
I Just Called to Say I Love You,Stevie Wonder,G2,D4,C3,F4,https://singingcarrots.com/artist-range?artist=Stevie%20Wonder
Higher Ground,Stevie Wonder,G2,D4,A2,C4,https://singingcarrots.com/artist-range?artist=Stevie%20Wonder
"Signed, Sealed, Delivered I'm Yours",Stevie Wonder,G2,D4,A3,A4,https://singingcarrots.com/artist-range?artist=Stevie%20Wonder
Sir Duke,Stevie Wonder,G2,D4,F#3,B4,https://singingcarrots.com/artist-range?artist=Stevie%20Wonder
Ribbon in the Sky,Stevie Wonder,G2,D4,D#3,C5,https://singingcarrots.com/artist-range?artist=Stevie%20Wonder
For Once in My Life,Stevie Wonder,G2,D4,G3,F5,https://singingcarrots.com/artist-range?artist=Stevie%20Wonder
You Are the Sunshine of My Life,Stevie Wonder,G2,C4,E3,A4,https://singingcarrots.com/artist-range?artist=Stevie%20Wonder
Fields of Gold,Sting,G2,D4,D3,D4,https://singingcarrots.com/artist-range?artist=Sting
Fragile,Sting,G2,C4,E3,A4,https://singingcarrots.com/artist-range?artist=Sting
Babe,Styx,G2,D4,A3,C5,https://singingcarrots.com/artist-range?artist=Styx
Come Sail Away,Styx,G2,F4,C4,G#4,https://singingcarrots.com/artist-range?artist=Styx
Not While I'm Around,Sweeney Todd,C3,D4,G2,D#4,https://singingcarrots.com/artist-range?artist=Sweeney%20Todd
House of the Rising Sun,The Animals,A2,E4,A2,A4,https://singingcarrots.com/artist-range?artist=The%20Animals
Up on Cripple Creek,The Band,G2,D4,D3,B4,https://singingcarrots.com/artist-range?artist=The%20Band
The Weight,The Band,G2,D4,E3,F#4,https://singingcarrots.com/artist-range?artist=The%20Band
Ophelia,The Band,G2,D4,A3,A4,https://singingcarrots.com/artist-range?artist=The%20Band
The Night They Drove Old Dixie Down,The Band,G2,C4,C3,G4,https://singingcarrots.com/artist-range?artist=The%20Band
Yesterday,The Beatles,G2,C4,D3,F4,https://singingcarrots.com/artist-range?artist=The%20Beatles
Here Comes the Sun,The Beatles,A2,D4,D3,B3,https://singingcarrots.com/artist-range?artist=The%20Beatles
Let It Be,The Beatles,G2,C4,D3,G4,https://singingcarrots.com/artist-range?artist=The%20Beatles
Blackbird,The Beatles,G2,C4,E3,G4,https://singingcarrots.com/artist-range?artist=The%20Beatles
Hey Jude,The Beatles,G2,D4,C#3,A4,https://singingcarrots.com/artist-range?artist=The%20Beatles
In My Life,The Beatles,G2,C4,C3,C4,https://singingcarrots.com/artist-range?artist=The%20Beatles
She Talks to Angels,The Black Crowes,G2,D4,C3,G4,https://singingcarrots.com/artist-range?artist=The%20Black%20Crowes
Hard to Handle,The Black Crowes,G2,D4,F#3,B4,https://singingcarrots.com/artist-range?artist=The%20Black%20Crowes
This Can't Be Love,The Boys from Syracuse,C3,D4,C#4,E5,https://singingcarrots.com/artist-range?artist=The%20Boys%20from%20Syracuse
Keep on the Sunny Side,The Carter Family,G2,C4,F3,G4,https://singingcarrots.com/artist-range?artist=The%20Carter%20Family
Try to Remember,The Fantasticks,C3,E4,B3,D5,https://singingcarrots.com/artist-range?artist=The%20Fantasticks
A Million Dreams,The Greatest Showman,C3,D4,C2,C5,https://singingcarrots.com/artist-range?artist=The%20Greatest%20Showman
From Now On,The Greatest Showman,C3,D4,C#3,E5,https://singingcarrots.com/artist-range?artist=The%20Greatest%20Showman
These Eyes,The Guess Who,G2,D4,G2,C4,https://singingcarrots.com/artist-range?artist=The%20Guess%20Who
American Woman,The Guess Who,G2,D4,D3,B4,https://singingcarrots.com/artist-range?artist=The%20Guess%20Who
Rivers and Roads,The Head and the Heart,A2,D4,G3,E5,https://singingcarrots.com/artist-range?artist=The%20Head%20and%20the%20Heart
Shall We Dance,The King and I,C3,D4,C4,A#4,https://singingcarrots.com/artist-range?artist=The%20King%20and%20I
A Puzzlement,The King and I,C3,D4,C4,E5,https://singingcarrots.com/artist-range?artist=The%20King%20and%20I
Tom Dooley,The Kingston Trio,G2,C4,D3,B3,https://singingcarrots.com/artist-range?artist=The%20Kingston%20Trio
Circle of Life,The Lion King,C3,D4,G2,C5,https://singingcarrots.com/artist-range?artist=The%20Lion%20King
Can You Feel the Love Tonight,The Lion King,G2,G3,F3,G4,https://singingcarrots.com/artist-range?artist=The%20Lion%20King
Ho Hey,The Lumineers,A2,D4,A2,G4,https://singingcarrots.com/artist-range?artist=The%20Lumineers
Til There Was You,The Music Man,C3,D4,D4,F5,https://singingcarrots.com/artist-range?artist=The%20Music%20Man
The Wells Fargo Wagon,The Music Man,C3,D4,B3,D5,https://singingcarrots.com/artist-range?artist=The%20Music%20Man
Love Train,The O'Jays,G2,D4,A3,A4,https://singingcarrots.com/artist-range?artist=The%20O%27Jays
For the Love of Money,The O'Jays,G2,D4,F2,D4,https://singingcarrots.com/artist-range?artist=The%20O%27Jays
Elvira,The Oak Ridge Boys,G2,C4,G2,A3,https://singingcarrots.com/artist-range?artist=The%20Oak%20Ridge%20Boys
Rocky Top,The Osborne Brothers,G2,C4,C3,A#3,https://singingcarrots.com/artist-range?artist=The%20Osborne%20Brothers
Music of the Night,The Phantom of the Opera,C3,A#4,G#3,G#5,https://singingcarrots.com/artist-range?artist=The%20Phantom%20of%20the%20Opera
All I Ask of You,The Phantom of the Opera,C3,E4,C4,G5,https://singingcarrots.com/artist-range?artist=The%20Phantom%20of%20the%20Opera
The Man Who Can't Be Moved,The Script,A2,D4,E2,F4,https://singingcarrots.com/artist-range?artist=The%20Script
Hall of Fame,The Script,A2,D4,F3,C5,https://singingcarrots.com/artist-range?artist=The%20Script
Breakeven,The Script,A2,D4,G3,C5,https://singingcarrots.com/artist-range?artist=The%20Script
Edelweiss,The Sound of Music,C3,D4,D4,C5,https://singingcarrots.com/artist-range?artist=The%20Sound%20of%20Music
Sixteen Going on Seventeen,The Sound of Music,C3,E4,C4,D5,https://singingcarrots.com/artist-range?artist=The%20Sound%20of%20Music
I'll Be Around,The Spinners,G2,D4,F#4,G#5,https://singingcarrots.com/artist-range?artist=The%20Spinners
Rubberband Man,The Spinners,G2,D4,D#3,C5,https://singingcarrots.com/artist-range?artist=The%20Spinners
"Betcha By Golly, Wow",The Stylistics,G2,D4,G#3,B4,https://singingcarrots.com/artist-range?artist=The%20Stylistics
My Girl,The Temptations,G2,C4,G3,A4,https://singingcarrots.com/artist-range?artist=The%20Temptations
Just My Imagination,The Temptations,G2,D4,B2,E4,https://singingcarrots.com/artist-range?artist=The%20Temptations
Ain't Too Proud to Beg,The Temptations,G2,D4,D3,E4,https://singingcarrots.com/artist-range?artist=The%20Temptations
I Wish It Would Rain,The Temptations,G2,D4,F2,C4,https://singingcarrots.com/artist-range?artist=The%20Temptations
The Way You Do the Things You Do,The Temptations,G2,D4,C3,D4,https://singingcarrots.com/artist-range?artist=The%20Temptations
Papa Was a Rollin' Stone,The Temptations,G2,C4,G#2,F4,https://singingcarrots.com/artist-range?artist=The%20Temptations
Get Ready,The Temptations,G2,D4,B2,D4,https://singingcarrots.com/artist-range?artist=The%20Temptations
Bittersweet Symphony,The Verve,A2,D4,E3,E4,https://singingcarrots.com/artist-range?artist=The%20Verve
Behind Blue Eyes,The Who,G2,D4,D3,G4,https://singingcarrots.com/artist-range?artist=The%20Who
If I Only Had a Brain,The Wizard of Oz,C3,D4,G3,B4,https://singingcarrots.com/artist-range?artist=The%20Wizard%20of%20Oz
Here I Am to Worship,Tim Hughes,G2,D4,A2,A3,https://singingcarrots.com/artist-range?artist=Tim%20Hughes
Live Like You Were Dying,Tim McGraw,G2,C4,D3,F#4,https://singingcarrots.com/artist-range?artist=Tim%20McGraw
Just to See You Smile,Tim McGraw,G2,C4,D3,E4,https://singingcarrots.com/artist-range?artist=Tim%20McGraw
Humble and Kind,Tim McGraw,G2,C4,B2,F#4,https://singingcarrots.com/artist-range?artist=Tim%20McGraw
Something Like That,Tim McGraw,G2,C4,C3,G#4,https://singingcarrots.com/artist-range?artist=Tim%20McGraw
Real Good Man,Tim McGraw,G2,C4,A2,F#4,https://singingcarrots.com/artist-range?artist=Tim%20McGraw
Highway Don't Care,Tim McGraw,G2,C4,A2,A4,https://singingcarrots.com/artist-range?artist=Tim%20McGraw
Don't Take the Girl,Tim McGraw,G2,C4,D3,E4,https://singingcarrots.com/artist-range?artist=Tim%20McGraw
Indian Outlaw,Tim McGraw,G2,C4,B2,G4,https://singingcarrots.com/artist-range?artist=Tim%20McGraw
Where the Green Grass Grows,Tim McGraw,G2,C4,D3,G4,https://singingcarrots.com/artist-range?artist=Tim%20McGraw
Should've Been a Cowboy,Toby Keith,G2,C4,D3,E4,https://singingcarrots.com/artist-range?artist=Toby%20Keith
How Do You Like Me Now?!,Toby Keith,G2,C4,A2,G4,https://singingcarrots.com/artist-range?artist=Toby%20Keith
"Courtesy of the Red, White and Blue",Toby Keith,G2,C4,F#2,E4,https://singingcarrots.com/artist-range?artist=Toby%20Keith
Learning to Fly,Tom Petty,G2,C4,G2,F4,https://singingcarrots.com/artist-range?artist=Tom%20Petty
Free Fallin',Tom Petty,G2,C4,C3,E4,https://singingcarrots.com/artist-range?artist=Tom%20Petty
Wildflowers,Tom Petty,G2,C4,C3,D4,https://singingcarrots.com/artist-range?artist=Tom%20Petty
Rosanna,Toto,G2,D4,G3,D5,https://singingcarrots.com/artist-range?artist=Toto
Africa,Toto,A2,D4,B2,A4,https://singingcarrots.com/artist-range?artist=Toto
Hold the Line,Toto,G2,D4,B3,C#5,https://singingcarrots.com/artist-range?artist=Toto
If I Needed You,Townes Van Zandt,G2,C4,A2,G3,https://singingcarrots.com/artist-range?artist=Townes%20Van%20Zandt
Tecumseh Valley,Townes Van Zandt,G2,C4,C4,A4,https://singingcarrots.com/artist-range?artist=Townes%20Van%20Zandt
Fast Car,Tracy Chapman,A2,D4,E3,A4,https://singingcarrots.com/artist-range?artist=Tracy%20Chapman
Drops of Jupiter,Train,G2,D4,G3,A4,https://singingcarrots.com/artist-range?artist=Train
"Hey, Soul Sister",Train,A2,D4,B3,B4,https://singingcarrots.com/artist-range?artist=Train
Marry Me,Train,A2,D4,G3,A4,https://singingcarrots.com/artist-range?artist=Train
Drive By,Train,A2,D4,C#3,B4,https://singingcarrots.com/artist-range?artist=Train
With or Without You,U2,B2,E4,A3,D6,https://singingcarrots.com/artist-range?artist=U2
Moondance,Van Morrison,G2,D4,E3,A4,https://singingcarrots.com/artist-range?artist=Van%20Morrison
Brown Eyed Girl,Van Morrison,G2,D4,G2,G3,https://singingcarrots.com/artist-range?artist=Van%20Morrison
Into the Mystic,Van Morrison,G2,D4,A#2,G#4,https://singingcarrots.com/artist-range?artist=Van%20Morrison
Riptide,Vance Joy,A2,D4,G#3,A#4,https://singingcarrots.com/artist-range?artist=Vance%20Joy
Maria,West Side Story,C3,G#4,A#3,A5,https://singingcarrots.com/artist-range?artist=West%20Side%20Story
Tonight,West Side Story,C3,A4,B3,F5,https://singingcarrots.com/artist-range?artist=West%20Side%20Story
Jet Song,West Side Story,C3,D4,A#3,F5,https://singingcarrots.com/artist-range?artist=West%20Side%20Story
Something's Coming,West Side Story,C3,A4,D4,F5,https://singingcarrots.com/artist-range?artist=West%20Side%20Story
Always on My Mind,Willie Nelson,G2,C4,G2,B3,https://singingcarrots.com/artist-range?artist=Willie%20Nelson
Blue Eyes Crying in the Rain,Willie Nelson,G2,C4,C3,D#4,https://singingcarrots.com/artist-range?artist=Willie%20Nelson
On the Road Again,Willie Nelson,G2,C4,B2,E4,https://singingcarrots.com/artist-range?artist=Willie%20Nelson
This Land Is Your Land,Woody Guthrie,G2,C4,D3,C4,https://singingcarrots.com/artist-range?artist=Woody%20Guthrie
Chicken Fried,Zac Brown Band,G2,C4,D3,F#4,https://singingcarrots.com/artist-range?artist=Zac%20Brown%20Band
Send in the Clowns,A Little Night Music (male key),C3,D4,F#3,G#4,https://singingcarrots.com/artist-range?artist=A%20Little%20Night%20Music
Just the Two of Us,Bill Withers & Grover Washington Jr.,G2,C4,C#3,F4,https://singingcarrots.com/artist-range?artist=Bill%20Withers
Helplessly Hoping,"Crosby, Stills & Nash",G2,C4,G2,G4,https://singingcarrots.com/artist-range?artist=Crosby%20Stills%20%26%20Nash
Long Time Gone,"Crosby, Stills & Nash",G2,C4,E3,B4,https://singingcarrots.com/artist-range?artist=Crosby%20Stills%20%26%20Nash
Guinnevere,"Crosby, Stills & Nash",G2,C4,D3,D4,https://singingcarrots.com/artist-range?artist=Crosby%20Stills%20%26%20Nash
Southern Cross,"Crosby, Stills & Nash",G2,C4,D3,G4,https://singingcarrots.com/artist-range?artist=Crosby%20Stills%20%26%20Nash
Teach Your Children,"Crosby, Stills, Nash & Young",G2,C4,C3,C4,https://singingcarrots.com/artist-range?artist=Crosby%20Stills%20Nash%20%26%20Young
Ohio,"Crosby, Stills, Nash & Young",G2,C4,C4,A#4,https://singingcarrots.com/artist-range?artist=Crosby%20Stills%20Nash%20%26%20Young
Our House,"Crosby, Stills, Nash & Young",G2,C4,B2,E4,https://singingcarrots.com/artist-range?artist=Crosby%20Stills%20Nash%20%26%20Young
Hotel California,Eagles,E3,A4,E3,A4,https://singingcarrots.com/artist-range?artist=The%20Eagles
Desperado,Eagles,G2,D4,D3,B4,https://singingcarrots.com/artist-range?artist=The%20Eagles
Lyin' Eyes,Eagles,G2,D4,D3,B4,https://singingcarrots.com/artist-range?artist=The%20Eagles
Tequila Sunrise,Eagles,G2,D4,D3,E4,https://singingcarrots.com/artist-range?artist=The%20Eagles
Already Gone,Eagles,G2,D4,G3,A4,https://singingcarrots.com/artist-range?artist=The%20Eagles
Take It Easy,Eagles,G2,D4,D3,C5,https://singingcarrots.com/artist-range?artist=The%20Eagles
Peaceful Easy Feeling,Eagles,G2,D4,B2,D4,https://singingcarrots.com/artist-range?artist=The%20Eagles
New Kid in Town,Eagles,G2,D4,C3,G4,https://singingcarrots.com/artist-range?artist=The%20Eagles
Let's Groove,"Earth, Wind & Fire",G2,D4,F3,G4,https://singingcarrots.com/artist-range?artist=Earth%20Wind%20%26%20Fire
After the Love Has Gone,"Earth, Wind & Fire",G2,D4,C3,F#4,https://singingcarrots.com/artist-range?artist=Earth%20Wind%20%26%20Fire
September,"Earth, Wind & Fire",G2,D4,A3,D5,https://singingcarrots.com/artist-range?artist=Earth%20Wind%20%26%20Fire
Shining Star,"Earth, Wind & Fire",G2,D4,G2,D4,https://singingcarrots.com/artist-range?artist=Earth%20Wind%20%26%20Fire
Reasons,"Earth, Wind & Fire",G2,D4,A#2,G4,https://singingcarrots.com/artist-range?artist=Earth%20Wind%20%26%20Fire
Home,Edward Sharpe & The Magnetic Zeros,A2,D4,A3,A5,https://singingcarrots.com/artist-range?artist=Edward%20Sharpe%20%26%20the%20Magnetic%20Zeros
Baby I Need Your Loving,Four Tops,G2,D4,F3,A#4,https://singingcarrots.com/artist-range?artist=The%20Four%20Tops
I Can't Help Myself (Sugar Pie Honey Bunch),Four Tops,G2,D4,G3,G4,https://singingcarrots.com/artist-range?artist=The%20Four%20Tops
Reach Out I'll Be There,Four Tops,G2,D4,D#3,C4,https://singingcarrots.com/artist-range?artist=The%20Four%20Tops
Bernadette,Four Tops,G2,D4,D4,B4,https://singingcarrots.com/artist-range?artist=The%20Four%20Tops
Lucky,Jason Mraz & Colbie Caillat,A2,D4,D3,G4,https://singingcarrots.com/artist-range?artist=Jason%20Mraz
Jackson,Johnny Cash & June Carter,G2,C4,G2,A#4,https://singingcarrots.com/artist-range?artist=Johnny%20Cash
Hurt,Johnny Cash (cover),G2,C4,F2,G3,https://singingcarrots.com/artist-range?artist=Johnny%20Cash
Stars,Les Misérables (Javert),G2,F#4,D4,E5,https://singingcarrots.com/artist-range?artist=Les%20Mis%C3%A9rables
Ain't No Mountain High Enough,Marvin Gaye & Tammi Terrell,G2,D4,B2,D#4,https://singingcarrots.com/artist-range?artist=Marvin%20Gaye
Fishin' in the Dark,Nitty Gritty Dirt Band,G2,C4,D3,G4,https://singingcarrots.com/artist-range?artist=The%20Nitty%20Gritty%20Dirt%20Band
Lemon Tree,"Peter, Paul and Mary",G2,C4,G4,A#5,https://singingcarrots.com/artist-range?artist=Peter%20Paul%20and%20Mary
"Puff, the Magic Dragon","Peter, Paul and Mary",G2,C4,C#4,B4,https://singingcarrots.com/artist-range?artist=Peter%20Paul%20and%20Mary
Way Maker,Sinach / Leeland,G2,E4,B3,C#5,https://singingcarrots.com/artist-range?artist=Sinach
Ooo Baby Baby,Smokey Robinson & The Miracles,G2,D4,C#2,D#4,https://singingcarrots.com/artist-range?artist=Smokey%20Robinson%20%26%20the%20Miracles
Tracks of My Tears,Smokey Robinson & The Miracles,G2,D4,D3,B4,https://singingcarrots.com/artist-range?artist=Smokey%20Robinson%20%26%20the%20Miracles
I Second That Emotion,Smokey Robinson & The Miracles,G2,D4,G2,D4,https://singingcarrots.com/artist-range?artist=Smokey%20Robinson%20%26%20the%20Miracles
Kiss and Say Goodbye,The Manhattans,G2,D4,F2,A#3,https://singingcarrots.com/artist-range?artist=Manhattans
Beer for My Horses,Toby Keith & Willie Nelson,G2,C4,E2,D4,https://singingcarrots.com/artist-range?artist=Toby%20Keith
